{
	"parent1": {
		"x": 1005.371283290318,
		"y": 646.3437330087609,
		"angle": 1112.106199897025,
		"hyperparams": [
			[
				-0.9693756930434848,
				0.2669823950665314,
				-0.32293478795468944,
				0.49832605712979,
				-0.36835887229973646,
				0.19638578923783037,
				0.08146324395877731,
				-1.1876396043681752,
				0.919809284167016,
				0.5643515059718056,
				1.4380830242337768,
				-1.453913259745263,
				-0.7972190215647741,
				-1.6044552946336605,
				-0.8914257302933148,
				0.6983156199377983,
				-0.7615046937520137,
				2.1446537631055715,
				0.7304311112262969,
				0.1167079629135838,
				0.031319352111466636,
				0.5468480713280939,
				-0.7016426599290141,
				0.8716961065413847,
				0.15970032172689083,
				0.23128043644742285,
				-1.118668989897305,
				-1.2519939215755265,
				-0.2974422659218113,
				-0.9657584968311909,
				-0.9959250232124892,
				1.3638279473530999,
				-1.468137383840163,
				-0.7915458990296578,
				0.5517624320304745,
				-1.0889223230602987,
				-0.4687519100608282,
				0.5261297233080615,
				0.4242404499541252,
				0.486307236823974,
				0.5004524818522305,
				-0.15979332330619792,
				-1.5769653880239256,
				-1.2878100524169471,
				0.6595696335891198,
				-1.255155189451261,
				1.2077652043582068,
				-0.1339752876299873,
				1.31594294390697,
				-1.4058821863526292,
				0.24472235616643606,
				1.0201340606186535,
				0.31396559357307435,
				1.6896361291899904,
				0.26743100142529175,
				-0.3957141061462386,
				0.26428620585604995,
				1.0002052398129657,
				-0.2992103791132915,
				-0.8913592179838402,
				-0.8377119683753829,
				1.003042281495034,
				0.3802184264089972,
				-0.4891392325793503,
				-0.5815668691089135,
				0.30318368035117677,
				-0.5651933645796828,
				-1.0359351759592004,
				0.7692173056966317,
				0.6042516058774816,
				-2.0438688978470645,
				1.6683894053401083,
				-2.064777653282355,
				-0.3330737818487397,
				-1.255539215382732,
				-0.7869730214668703,
				-0.10139028769049288,
				-0.3810426725793023,
				-0.9738477392333679,
				-0.03420268407924207,
				1.064600683672156,
				0.21918054942976947,
				0.2765434280987467,
				1.5667760244970337,
				0.016138206448257007,
				-1.0422345631829637,
				-0.3085822140127893,
				1.1821969517247417,
				-1.0088812746704934,
				0.3390964075635053,
				0.46156619343272154,
				0.2767299849643372,
				-2.885141157165413,
				1.820566026591906,
				0.10839731306025059,
				0.1656518535997612,
				1.0836843398346914,
				-0.9616422640696185,
				0.2460054971598842,
				0.2750545309334761,
				-0.7144814170306769,
				-1.1405072543172028,
				-1.9011926549690386,
				0.7229872455159535,
				-0.32713955141069445,
				0.10345627874014683,
				-1.1487809989517888,
				-0.08851871198155947,
				0.4080287821056754,
				0.07389496673190209,
				2.385897855078632,
				-1.1445142698491964,
				0.21672466323246695,
				0.8496375100459529,
				0.33479943357226494,
				-2.574614298590057,
				0.16323717739090887,
				-1.3754327324866533,
				1.7307941972240812,
				-0.22221720044901283,
				-0.4524572334788525,
				-0.4827675886000604,
				0.1734948415625317,
				-0.17709713587267703,
				-1.366780136358221,
				-0.126970339200814,
				0.30262681301944144,
				1.2852636466852847,
				-1.3576173152849573,
				-0.2240993446536594,
				0.10729943933926303,
				0.36176998847478425,
				-0.5687800108952308,
				1.777701989083366,
				0.7799549473815797,
				-0.6694042867737883,
				-0.07244564085238206,
				-1.1480925939207698,
				-0.8681083076466912,
				-0.7430921063307215,
				-0.06040502721238576,
				-1.20594214859024,
				1.0903549020089631,
				1.2704395445327743,
				0.7805494659278835,
				-0.3890082102747652,
				-0.7078271191761839,
				-0.9751516766427538,
				1.2638130357628075,
				-0.021929971476734044,
				0.40203917655777255,
				-1.103572914697483,
				-0.7060153036802203,
				0.15778512088316163,
				0.4922931752438443,
				-0.9817706103415892,
				-0.39745862983398783,
				1.0274837451728458,
				0.33971023751153234,
				-0.3023447208149993,
				1.0577179335925624,
				0.5091631838718926,
				-1.829894552449361,
				0.5425418754444362,
				0.6188148459746359,
				-0.015916066367644057,
				-0.6056707396465167,
				-0.37893019922288207,
				0.8522217851900946,
				0.9575482762230072,
				-0.46268602763337946,
				-1.1232886084816576,
				0.6609637929062617,
				1.1996413387470837,
				0.8358793703797691,
				0.966341043178311,
				-1.3646100253355682,
				0.5413336183701606,
				-1.9343095742200012,
				-0.5143553473641279,
				0.7224654066416264,
				0.13627200855377372,
				0.6005184233818941,
				0.034934007405748736,
				0.4565636494423909,
				-1.1542801652261085,
				1.6440856887598656,
				0.6648222553150809,
				0.7716686238967175,
				0.2994110149818852,
				-0.06672124592711007,
				-0.10288041139461925,
				-0.15276586458730027,
				-0.6458856529609663,
				-0.3665982874732315,
				0.876440143394922,
				0.6664672663218756,
				-0.8509838702741349,
				0.3117075946817892,
				0.9728406766083103,
				-1.2320497244612063,
				-0.7044016329690068,
				-0.23009056283411686,
				0.3674586658675969,
				-0.0008389936716955966,
				-0.6481432528568858,
				-0.7368063169426864,
				2.1693740518307614,
				-1.487895916712264,
				0.7054327747385958,
				1.1479224516853024,
				1.237242775622645,
				-0.9118754952368188,
				-1.4114549878976734,
				-0.6285263196588415,
				0.22835281227075918,
				0.8366943481234729,
				-1.8276325080541578,
				-1.3120338335597679,
				0.05391661448475478,
				1.028894476296739,
				-0.3251129978239227,
				-1.7837538729586453,
				-0.9898530370088775,
				-0.8524847013966966,
				0.6731793168774756,
				1.3898617889285148,
				-1.53455709727533,
				-0.6363106114799191,
				-1.0296623099921594,
				-0.19927601016056642
			],
			[
				-0.6528578407090359,
				0.3431710817818582,
				1.261291742882187,
				0.02063516339355873,
				-0.8010450237293533,
				1.245079462986194,
				1.4722644225689665,
				2.239983166495475,
				-0.004385826108211942,
				-1.0935134834529485,
				0.9128403051233418,
				-0.7015424106339987,
				0.6505300973615236,
				0.4123087656365022,
				-0.0027609196680948847,
				-0.192998422697494,
				-0.46060851579377826,
				-1.9035422142168728,
				0.49670200973103906,
				-0.08697901436204587,
				-1.095592765338152,
				-0.7889598494647009,
				1.4613840419331343,
				1.1464721115234857
			]
		]
	},
	"parent2": {
		"x": 884.1361220990195,
		"y": 318.9032672230662,
		"angle": 1705.1938738203855,