{"parent1": {"x": 831.0739432449658, "y": 480.7350286798477, "angle": 222.33810181273066, "hyperparams": [[1.2970276061337465, -0.9598113330676346, -0.8321209768263442, -0.09363808850878444, -0.24389258876050834, 1.1091201323589086, -0.6571146402659204, -0.13174805142298762, 0.8519778516677767, -0.2796597760740495, 0.9408515913936863, -1.453913259745263, -0.8230833188559099, -1.2854142575345648, -0.7072819802657327, 0.6983156199377983, -0.7615046937520137, -1.2534032935860189, -0.31488807696191395, -0.05485946270363083, 0.8860573261389628, -1.1435298313960316, 0.07440679368670816, -1.328260590873436, 0.27913662660870503, 1.088000694133746, -1.4822378022097908, -1.2021814272529754, -0.2974422659218113, -0.11778927297663128, -0.2701563223910225, 1.6276186751400494, 0.11260887958488651, -1.0773146834517506, 0.8380145596212701, -0.1351806441877387, -1.3831384321950473, -1.1786905602972826, -1.3605327154439286, 0.5520814478927435, -0.4399320035419537, 0.4244237870481978, -0.24184033810957348, 1.1126194322577911, 0.5451590083323565, -2.1711938145840266, -2.170502170815441, -1.6518861093846242, -0.17598828256156504, -1.718144349580207, -0.8218635882109282, 2.6759267784119007, 1.6571005900635971, 0.732107728271619, 1.1439468526229999, 1.2503161830080427, -2.199130337288491, 1.0002052398129657, 0.90805592048171, -0.5503284457658459, 1.2832420995048084, 1.8242056435960183, -0.4775973538167149, 0.7082966814581441, -0.182816952266295, -3.0341342756267027, -0.5651933645796828, -0.004557461192839596, 0.3948327739635479, 0.18609596461832, -0.016512691058129157, 1.6683894053401083, -0.7580057845537286, -0.09831599794160988, 0.7667856582959778, -0.1796593480883209, -0.18561973469669316, -0.31720093183623876, -0.5352470711716399, -0.6903722343974599, -0.22028531577873642, -0.29639038940491413, -0.9148065304801543, 0.6976428216229508, 0.8901788283597027, 0.5289492120317291, -0.03005059985484741, -0.41342439687439414, 0.008085179678462954, 1.9415517821320196, 0.44785148077129144, -1.7612404452238382, 1.2990547966068058, -0.37228465931656535, 0.05705788151796178, 0.3627322343760763, 0.4211476257616812, 1.8933172349719023, -0.7842527537956643, -0.0498987115472372, -0.898747007209653, -0.51887326436283, 0.6995819677890948, -0.017638010214121258, 0.2271711906042583, -1.272394960435436, -1.1487809989517888, 0.06158651995958242, -1.793134214981469, 1.1839848230989296, 2.385897855078632, -0.4143886411253669, -1.6829646667468716, -0.7984028499363751, 0.33479943357226494, -1.350642503570208, 0.15320095737561856, 1.1670171929661002, 0.7450425686478082, 0.8233318651361069, 0.24618625063508162, 0.5989115175467293, -1.0945532511341838, -0.20319827995972561, 0.26895532326894717, -0.2586441350415799, 0.30262681301944144, -2.2624184480374225, -0.12330713112962727, 0.07421488654928894, 0.49948101277835044, 0.17555527640140467, -0.7039878817441764, -0.46426405533625703, 0.1996817836090851, 0.4091416066138195, 2.257012123329341, 0.6449138308128285, 0.8125741217524222, -0.7430921063307215, 0.658710934302356, 2.696934997078517, -0.3411621875303561, 1.2704395445327743, -1.3084607529270416, -0.7125326985851576, -0.06911577767174228, -0.2539068117195855, -1.0516598393201708, -0.15571447235751043, -0.18035559202611845, 1.3622763576262182, -1.5818050076758092, -1.5997262533931205, 1.05809318986227, -0.0017257592378015574, -0.20433678008250375, -0.6198619271096819, 0.3888764094176739, -1.9315946372559771, 0.8820477931811597, -0.05074790621260126, -1.4537281854856616, 0.6345506245741258, 0.19592316298494197, -0.495486074518108, -0.6056707396465167, -1.862399629031733, -0.12964047035208054, 0.5784140444018462, 1.03007659023782, 0.8025039516729471, 0.30358743001820604, 1.8392364120652338, -0.9876302378533917, 0.9355876679458862, -1.2030096889285316, -0.04563047319064392, -1.007694010439151, -0.5916571371090756, -0.530722394788695, -2.3095318736148975, 1.1410252556972478, 0.034934007405748736, -1.434170312297833, -1.1542801652261085, 0.8176256811963069, -1.3416785498565384, 0.2588138597073277, 0.2994110149818852, 0.40457618604503026, -1.1426744055230296, 0.2426659677660279, -0.6367403980703945, 0.2971913590295667, 1.970910385417128, -0.6839188028320079, -0.3337929444213341, -0.19801734496259715, -0.09623156855344496, -1.2320497244612063, 0.5460416177137464, -0.9021900282322161, 1.3969202192162682, 1.1306145595910233, -0.5492013632378098, 0.028761829275489266, 1.1057998150930362, 0.17233288306832853, -0.23267416563478824, 0.028398803949208806, 1.237242775622645, 0.1771825339020867, -1.4114549878976734, -0.2305603525914869, 0.4041885730741023, 0.4611162775646431, -0.8298572836120451, 1.039245766059145, -0.5043367319084303, -1.7800801698206474, -0.8964475868130759, -1.0236546489380969, 0.5028798024139273, -0.9009242196814042, 1.6189861824051288, 1.3898617889285148, 0.6171188505457308, 0.25101295223092374, 0.5266379926267467, 0.6037503870472904], [0.2827549962326273, -0.8129595199888227, 1.4933642655688417, 0.5351202087407916, -0.04707472367955984, -1.3892023531288096, -0.3474094141734729, -0.25190316554685666, 0.5035251100229986, -1.0935134834529485, 1.7628072029147246, 1.665778694707617, -1.5009336408140377, -0.8627931048808114, 0.014468727553331983, -0.23966904846820342, 1.685296889418356, 0.43842810714631264, 0.49670200973103906, -0.8794359713217071, -0.06614270582000731, 0.24254101251656837, -0.3455213386817363, 0.08908072405906498]]}, "parent2": {"x": 1121.9364361735109, "y": 88.44396356396051, "angle": 103.66611001155049,