{"parent1": {"x": 461.9587138164536, "y": 655.3868156815531, "angle": -1618.1909266288237, "hyperparams": [[0.16615144794037193, -0.15496695660779836, -0.24874405883708148, -0.02512418349128092, -1.055844115829873, 0.1112782408132807, 0.416366044748987, 0.20604921960627814, -0.28171805899311053, -1.3235359962649424, -1.6282201302899637, 0.13863064235090689, 1.8698181290742895, 0.9514031495162968, 0.10899608026155992, -0.02073323286569697, -0.22982845196853371, -1.8316297718486665, -0.9385980669963389, -0.015295497038735138, 1.048324604230206, 0.7746675440878827, 0.2549513980456607, 0.9335890330662501, 1.433247518759451, 0.3717429102809552, 0.0628825939437851, 0.1902490833646611, 0.7742433168779996, 0.5762283502652455, -0.06623057528564037, 0.9261349860522898, 0.7812289372409481, 0.8321965632420535, 1.665584782280865, 1.5064779014444305, -1.3557511919264258, 0.10449143967419129, 0.7346093615230467, 1.000210653989155, -0.5097208946448332, -0.5355368919684643, -1.466581783223839, 0.8936793107845212, 1.6508626621440667, -0.7874439953730978, 1.29340140526129, 0.3795002031086216, -0.7857815717638882, -1.6409975344359133, -1.8742727518886722, -0.12267257519820782, 0.09048141756903379, -0.200926691462436, 0.5450892271289661, -0.12456940962259692, -0.15266417464115317, -0.1517796672873219, 1.1277237258256871, 0.23866429433302547, 0.4996983154965166, 0.19998924651208763, 0.5891466766036707, 0.17350153531473303, 0.06362754567244175, -0.8727044276177539, 0.8905038282200813, -0.3976952722555885, 0.4803751002513703, -1.3850738558835103, -0.66523307859585, -1.113545888333439, 0.427577168867118, 0.05194754512353961, 1.1820176596882852, 0.1396580999392079, -0.05854221812780318, 0.1695463145116166, 0.15562657670339755, 0.9897187020650604, 1.603120108748369, -1.3909301080149437, -0.7706128944877634, 0.1774632927642602, 1.8226072060744825, -0.8066123488276918, 1.541143003977064, 0.12924784217609986, -1.2215697032077837, -1.3584121540790055, -0.5823606467886033, 0.5634422654240284, 0.008659847031105079, 1.3617978869393852, 2.216240955003979, 0.6522345720210474, 0.7160698419844674, -0.5554388768922399, 0.43734445241441083, -0.5429502901185236, 0.3236253356636836, -0.15322396403252417, -0.9609732340487691, 0.628576784022261, -0.5552161070518775, 0.056537910561363196, -0.09027488632198333, 0.7748152902164683, 0.9280041990418562, 0.6559722710778322, 0.5784746998775786, 0.021938002043581647, -0.37529494096986105, 1.121948321110496, 0.8307998103836838, -1.2659244801854395, -0.13547633899642086, -0.2043013351315147, 0.3957951017859465, 0.3950797917788696, 0.07513376197745837, -0.2720197875437934, 1.1857010902874339, 0.9648199503192011, 0.29280312523976976, -0.8308819032133546, 0.5719426308572813, 0.5344342685564507, 0.8859795751436083, 0.9131424719260344, -0.35900800346101325, 0.07166767108620332, -0.37220018518737663, 1.7432047217133986, -0.9367668955918842, 2.0403371132426575, -2.304229548555473, -0.17392509940297315, -1.7976014365178663, 0.7253163784317765, 1.1941259189335982, -1.2395560576449411, 0.1398789250817506, -0.02249097772315906, -0.03635934464392172, 0.7924993472785857, 1.0890315599163733, 0.6716696351705327, -1.353165590349842, -0.559853671563332, -1.1520814398948025, -0.3872561201496787, 2.906719177374218, -1.0815551632413565, 0.09827472486657622, -0.6918621710875343, 0.33188945216733895, 0.10583895936630128, 0.993915541022373, 1.1267148547178338, -0.12249413294006231, -0.08022321708056328, -1.643168481984892, 0.19795467288836485, -0.6464965911109459, -1.0819065354603148, -1.3797184046667639, 0.8741737419806026, 0.25756177765646576, 1.23730189264709, -0.496104729001436, -0.7285257119384734, 0.05442761880145983, 0.7995072515523134, -1.9076203214978376, 1.0817094393747495, -0.9150266170245483, -1.751733328809886, -0.9054931270541449, 0.23543035090438147, 0.43593442209438465, -0.2888945865860492, 1.025281510123563, -0.14184603854481756, 0.6679621765375061, 1.0628595072858456, -1.075959822678278, 0.010304302424050702, 1.0576854698164182, -1.455992682712043, 0.37425448628636465, -0.23365732149369428, -1.6539866546564155, -0.3769799855899762, -1.2395844574967536, -1.0296711775097138, 1.0753976935571523, -1.0440451349653452, -0.002244669914880528, -0.6784034226164535, 0.9487968347787479, 0.01611399237539809, 0.5593258469641613, 0.7547474253649403, -0.30178907533171895, -0.5777262343685918, -0.29898424239991445, -0.79008607213973, 0.4671682312679956, -1.5011736973535137, 0.290479908259237, -1.4689478841934733, 2.5444669308630226, 1.5493957565018706, -2.215048950297539, 1.5489549891387677, 0.19736099808101842, 2.3130939889262243, -0.3727451789953324, 0.8406505321118009, -0.05992126253418326, 0.9857572630926087, 1.2186451999521482, -1.0855739677530476, -0.9618037760051789, 2.3092435494021886, 2.099744448830159, 0.7192269724548703, -0.8935871907257185, -0.8537494831238384, -0.6940020165071483], [0.5032198502349029, -1.3201426826382319, 0.8698029246048087, -0.6182003006800504, 0.1245583878624622, 0.4952835271691729, -0.22838302659087414, -0.5105499083062817, 0.05122877585820472, -0.26018185090582574, -0.8226601175477326, -0.8621327858849772, -0.5636784274250006, 0.6716536154943769, -0.42543904809824906, 0.6668138469093549, 0.7312615511543575, 1.6079465936117556, -0.1140246771478614, -0.5359513806488908, 0.4447053748229201, -0.3762715734172091, 0.3382730580565596, 0.9126766997436628]]}, "parent2": {"x": 455.4496932917664, "y": 655.7708066240141, "angle": -1618.2344527016985,